channel_id,status,replies
@shonony,,81 replies
@AkshanshChaudhary,,4 replies
@Spooky_Psyche,,
@SeekoGT,,
@twashington4,,
@khomai2740,,
@zues121510,,12 replies
@statuspb-ee7fr,,15 replies
@glenmann,,
@noahwilkerson,,10 replies
@saquibhussain6000,,
@Nate75757575,,
@trigremlin,,27 replies
@archis3,,
@irfarf201,,1 reply
@xandersolotano4676,,
@wzune6513,,
@rrsharizam,,
@ikeelu024,,9 replies
@jarmviemunoz8675,,
@HigherQualityUploads,,
@kikolazarev2109,,
@catlikehana,,
@leejaztine,,
@davidheynck3915,,13 replies
@shine98577,,
@gprashanth1612,,
@govind_goyal,,
@OrganicGreens,,
@pete8890,,
@themrproamateur,,20 replies
@darrenjosephgregory,,
@vimalhemani,,
@BennyRivera,,
@kirtanpatelr,,
@crobat7396,,1 reply
@danrocks1981,,25 replies
@michalkrajcovic3374,,
@ethonvernon1285,,
@Hydrogen101,,
@Brandon-jd9mz,,1 reply
@accordinglyryan,,
@TroyKnox,,12 replies
@Tabbytoffee,,
@FaizalKuntz,,
@manishbahuva,,
@dreameraby,,
@__umbra,,
@ropro9817,,
@hotbodkev,,
@petedoyle,,
@XX-vu5jo,,1 reply
@germanmoreno3857,,
@VMiXEZ,,
@tounji,,20 replies
@IranSportFan,,
@Con-Pin,,
@dannygonzalez6548,,
@iNsaNeVal09,,1 reply
@user-tf1ne4uh2y,,
@power_999p,,2 replies
@rhubarbisdead,,
@earliamdapter,,
@taylornicty1170,,
@arunantony3207,,
@amsalkhan4754,,
@tboneforreal,,10 replies
@deanoodles,,1 reply
@ArthurZakaryan23,,
@vaibhavshukla549,,4 replies
@aravindvenu1560,,
@leastimportant722,,1 reply
@Muhammad-Jacobs699,,
@amaljoe367,,
@Vicky-ci2fk,,
@MaynardSchrinerJr,,
@bjunboxing,,
@LeoAngora,,
@KryonyxGaming,,22 replies
@aliaksandrapanovich965,,
@donclay3511,,
@tkaotic,,
@FreLuZi,,
@killswitch896,,1 reply
@joseapar,,21 replies
@chrishodgkinson6047,,
@jeromegold3216,,
@Infrared73,,
@hector7129,,
@Giacr45,,
@markedwards4879,,21 replies
@inewton.,,
@alfonsoPina,,
@rick-deckard,,
@samdonutarnold,,
@ehsan2501,,
@World-of-Fireworks,,15 replies
@olliefish2533,,
@tahajiruwala749,,
@MrUled,,
@androidisbest,,
@renegomez4808,,
@dennisaguilar835,,2 replies
@GereldTheCat,,
@cjrobo,,
@tonythehitman1,,
@iRogerCR,,
@syedinayath4547,,
@mask5905,,1 reply
@marcustmusic, Official Artist Channel,
@PotatoSoKawaii,,
@ohioplayer-bl9em,,
@user-rx3eh8bb4x,,
@e21big,,
@GatherVerse,,
@bawbsmith,,
@AMonitorDarkly,,
@kabrashev,,1 reply
@irvinponcedeleon,,
@ermalim,,
@yasaswirajmadari,,
@KEYBEATZ,,
@NicholasJeffery,,
@NaveenDeSaram,,
@shadowwsk3507,,
@DavidGrossNYC,,
@hazem_khalil,,6 replies
@utkarshtiwari1234,,
@Alethiona,,
@pedrocollado6039,,
@jacobpaint,,
@reymund130,,
@claymorexl,,10 replies
@iamanandakb.youtube,,
@duncannyirenda8698,,
@reggierizaev,,
@thermaljake6289,,
@attaboyabhi,,
@TheMightyWolfie,,
@billbush1270,,
@AdrianFoy,,
@haraldthierjung,,
@KPULAK,,
@jaimecosta2966,,
@webluke,,
@aydenmuster1297,,
@sandeshshetty8918,,
@TheNykademos,,
@Shahriar019,,
@semectual,,
@Randrewwwww,,
@mustafabhadsorawala9608,,
@mav.wreckkk,,
@alecjasonn,,
@nitinp3,,
@TitoNite7510,,6 replies
@wax911,,
@jonahhammond2438,,
@coachjohnmark,,
@ilyichelgar4493,,
@DAYNGHT,,
@essexminicity,,
@TylerBrigham,,
@adamc792,,
@omk5724,,
@nareshpuri3155,,
@sammybrown4680,,
@elvfn123,,
@RuinAngel,,
@user-hshshsshs,,
@damnhatesyou,,
@maxalexander9506,,
@3KPK3,,
@worldwide_wes,,8 replies
@sagittariansrock,,
@agent57,,1 reply
@mt15_anmol36,,
@martinmyung4710,,
@ChunkyIsDead,,
@dayko.,,6 replies
@rafaelmartinvannostrand2084,,
@davidconners,,
@CeskejHonza,,
@404Tired,,
@kirbydacug5508,,
@rosslmccallum, verified user,5 replies
@MalikAlMalik,,
@Win7Fan,,
@nouramouctar817,,
@BarryCostello,,
@avgjoeshow4208,,
@Aggie4life77,,1 reply
@_LYH_,,
@shaiksk6212,,
@dollarinhand3443,,
@0311nate,,
@MrErViLi,,
@witu123,,
@smartbbrain,,
@PinkyJuneAnnelyGerritsen-zh4wy,,1 reply
@eyeversion,,
@RossenNaidenov,,
@albertogarabatos,,
@MrJamesLuz,,
@kong4902,,9 replies
@QSPRivers,,
@memahmudhassan,,
@mahfah7911,,
@DanielBrotherston,,
@Dwayne3007,,
@faaheim,,
@abhinavsaurabh1600,,
@robchr,,
@kft4764,,
@moranmono,,
@lancergt1000,,
@livelierfellow,,
@ernestziegenfelder9962,,
@neonshadow9667,,
@mohammadsamir2713,,
@podracer35,,
@nsshurtz,,
@Drakaeos,,
@marissafarr1346,,
@tiagosousa6471,,
@ciceroripi,,
@LimitedWard,,
@panic_seller,,
@Radykall1,,7 replies
@fazmiizzami9799,,
@sukari,,
@Riskyjoe1525,,
@klomkar8151,,
@onepiecebarca,,
@GabrielRM,,10 replies
@deneilslee5259,,
@tremroy1766,,
@edusszfx,,
@NiroshMadhusanka-nft,,
@OD811,,
@MysteryMii,,3 replies
@viraksakpheng,,
@erofly287,,
@jagadishs,,
@PeterBuvik,,
@hacolaha,,
@IvanPauletti,,6 replies
@ZiaurRahman-vm6wb,,
@valdius85,,
@ambikamondal292,,
@yahyaalkinani6329,,
@spadaacca,,
@NotAYoutuber861,,
@ochiorbus,,
@Pozzibilitiiz,,
@prince-bz1yl,,1 reply
@HeyNickJ,,
@ChaseBuesking,,
@theark.123,,
@bhisenator,,
@Shortswsr,,
@sigmitnavn,,
@skygaz3r,,
@Tinybeario,,2 replies
@KalpeshPatel78,,
@memine3600,,
@hsimpson1152,,
@PavanKumar-ft5hi,,
@jimharvey9894,,
@mime454,,1 reply
@tshegofatsokgoroba6753,,
@xavhow,,
@michaelthapa4913,,
@Daniel__-yd8bp,,
@DavidHoffmann,,
@_Gecko,,3 replies
@quickuploads3971,,
@itsaboutfam,,
@RickjoyChatterjee,,
@daytime6271,,
@shravandurga19,,
@LofiKid10, Official Artist Channel,5 replies
@20cmartinez,,
@singaaravelan,,
@varunajayasena9792,,
@user-dj2gf3hr5p,,1 reply
@realavx,,
@niyibizieric6524,,
@cokeinkhan,,
@AlexFogle,,
@shikohmehdi8313,,
@PianoWalrus,,
@bobweiram6321,,
@anthonyeshleman2582,,12 replies
@Patrick-sh5qv,,
@SethHulshizer,,
@krishnachaitanya4563,,
@421CPilot,,
@SylonHD,,
@ColinCreighton,,1 reply
@ChaseWillden2,,
@anderbeau,,
@rahatalamgirporosh7148,,
@Funnythings15,,
@ASK-hy3vn,,
@dennisp8520,,
@MartinDolan,,
@BamBam-gs7eb,,
@Smjh123,,
@roastedbangla7140,,
@muz_shayk,,
@thelastmelon9446,,2 replies
@Coco-Loco,,
@dennismwebembezi5360,,
@suvamkeshari,,
@Tim_Dunkin,,
@tommy_lyon,,
@BerserkBrownie,,2 replies
@semih1474,,
@aira4418,,
@MarioRafaelM,,
@paramshah25,,
@newecreator,,
@DENMONKEY,,4 replies
@sjamthe,,
@user-ni7ke8zm6z,,
@surapaneniarunsai5051,,
@mr.watermelon3415,,
@jsuwangsa,,
@techjuju4366,,
@toxadodo,,
@SecretAgentSuperDragon,,
@Aaron-zl5gq,,
@fatguy9,,
@SaifurEx,,
@profnet7317,,1 reply
@Corny1210,,
@Huy-my8gf,,
@tdtone2,,
@devlin2427,,
@heitorlgf,,
@deniscoin,,2 replies
@bradleypariah,,
@Lying29,,
@mclairmont4929,,
@CFL-TECH,,
@saurabhshivamverma4192,,
@evanlawrence3741,,
@kyle4931,,
@SalahHesham,,
@SachinSatijaPlays,,
@stevee1989,,
@crpro5420,,
@rabtecho,,
@EnderNaaim,,
@mrmamaji3659,,
@BR0KK85,,
@KPULAK,,
@rajesh7923,,
@subtickle,,16 replies
@rayanshaikh2265,,
@_sasori,,
@vaibha2,,
@Love_2Talk,,
@MrTomek2890,,
@kaptainkool101,,1 reply
@DAVE_WHITE,,
@ApolloVIIIYouAreGoForTLI,,
@nalaredneb78,,
@vibhanshutayade,,
@deeactive1329,,
@Nismothegamer75,,
@vladislave7826,,
@AjwaniRahul,,
@Jeffrey_young111,,
@AruraArrow,,
@trumbl34,,
@Meban101,,
@2nyadd,,
@amiboshi2000,,
@BrandonParryYT,,
@thestig007,,
@ankitpadhi5636,,
@abhinavkashvi4317,,1 reply
@AndreasGerhard1,,
@sumitroy3684,,
@Coldsteak,,
@DavidDarnes,,
@theMallikarjunPatil,,
@johnbrondum,,1 reply
@Lost_In_LA,,
@TQnet10,,
@HoNow222,,
@lopis,,
@korey1576,,
@ujaku_,,2 replies
@madmax2.018,,
@Devo_gx,,1 reply
@ffmuteki9,,
@mrjeffry25,,
@uncool.jk_57,,
@calebnkc,,1 reply
@DanielDiaz-og9ox,,
@lougerone,,1 reply
@kaustubhjd,,
@insidethebox102,,
@WaiKin,,
@MohitSingh-gz9nd,,1 reply
@oldskooldriver9379,,
@StarkGadget,,
@demonreacts2133,,
@kenpashiRD,,
@EatBuildRideRepair,,
@keithck3720,,1 reply
@wartedgaming6162,,
@zit1999,,
@heickelrrx,,
@yourstrulytk12,,
@TimidestOne699,,
@johnjemalie,,1 reply
@babalugiri4296,,
@horai8256,,
@zacharybuhrts1994,,
@baracjohn3913,,
@blushshoo,,
@bakshisayan,,
@JoseAngel01,,
@Yankzy,,
@jak1689,,
@SeizrnUhie,,
@heliumfreak5364,,
@joed3079,,3 replies
@GM-kj6sb,,
@GyroCannon,,
@robertpaulson2043,,
@chazzyloveee,,
@joseramos7476,,
@John_Merritt,,
@rohithbandamudi8681,,
@brickman409,,
@janlester,,
@williaamlarsson,,
@ChristopherPhillips,,
@_zhewar_edits_,,5 replies
@double007seven,,
@radstartrek,,
@user-td5dk6rr9w,,
@TiTi2136,,
@davidteh7909,,
@Happy_persn,,
@menzlo,,
Ahsan Ali Shayar Official,,
@little.prince,,
@valorkurzatx6609,,
@collinssishenyi9580,,
@sackville_bagginsess,,
@jeremiahreyes7049,,
@LaDariusNorris,,2 replies
@adebrian1737,,
@RickTheVyondGuy,,
@akshitpatel5867,,
@o_KingOfKings_o,,
@kuku505,,
@DavidPat,,
@zkoldz,,
@ergwehgr,,
@lupflamind,,
@rabtecho,,
@martinlroth6772,,
@guitardict,,
@dylanwhite6539,,
@anshumn7586,,
@love_death,,
@necondaa,,
@ErAyushvarshney,,
@fatcrruise6508,,
@terrybell3495,,
@user-vg8te3ne8f,,
@MafiaRanger,,1 reply
@allthewronganswers,,
@suryamahendra332,,
@danushkastanley1746,,
@FrancoCastro,,
@afsallais9825,,
@decathorpe,,
@TheZombiez69,,
@keimorgan5654,,2 replies
@ShamimaSarker-wo8yk,,
@infn,,
@assad_uz,,
@DeadManWalking-ym1oo,,1 reply
@martingaming204,,
@mr.rahulsinha2003,,
@mustafadudhwala7278,,
@ramanmono,,
@lee99bay,,
@haramilonda559,,1 reply
@sougatahalder6451,,
@balint133,,
@billhanna2148,,
@El_K_Bron_Del_Moycas,,
@rikithck8829,,
@z.k.r2615,,1 reply
@harunyetisbutunvideoalrali6111,,
@SahirSiddiqui,,
@larsmichelswirth6359,,
@Evo_Spec,,
@fluklein860,,
@MrMyosotisSylvatica,,
@qjesse,,
@viasitinurhafiah917,,
@chiranjeevimv5634,,
@CityPlannerPlays, verified user,
@217nomiga,,
@sidenote1459,,3 replies
@MrOrtmeier,,
@yashovermansingh4519,,
@SweetCandy_3000,,
@aliettienne2907,,
@ParikshitPanwar-pw7tl,,
@TheCannonMovement,,1 reply
@ihitesh1,,
@sayamchatterjee8189,,
@axlcrush,,
@vivekail,,
@TeslaDo,,
@cddouglas,,1 reply
@Gort040,,
@tjorim,,
@frltkl,,
@ethangaines2658,,
@prathameshpatel348,,
@hugowariors911hugo9,,1 reply
@lol_vevo,,
@liamsz,,
@mchrisson,,
@jumpandlift,,
@kpeterrafael,,
@LinuxBacon,,
@AlenMajetic,,
@cikonedim7599,,
@benleonheart,,
@Loganatha_K7,,
@stalemate7512,,
@A_Casual_NPC,,
@fxeditors,,
@dh4444,,
@psp4325,,
@LoveStallion,,
@bilalahmed4864,,
@suleimanlimamu6377,,4 replies
@jeftuner,,
@tmsmqwx,,
@khaldrogo7532,,
@valdius85,,
@adarshadan,,
@Gary0557,,
@BattleRapMultiverse,,
@ChrisCarlos64,,
@muskuakshithreddy439,,
@moviesaredope,,
@BattleRapMultiverse,,
@fgd3cuh628,,2 replies
@sourajitkundu3282,,
@shashank6393,,1 reply
@Autokiller36,,
@rickiek,,
@Samyamaa,,
@thebruh1,,5 replies
@wateriver,,
@Nanan00,,
@philforde5871,,
@nabihwadi7458,,
@utubevdeo09,,
@thambaru,,
@stevestadler4634,,
@Akemo-Favor,,
@takabarca0827,,
@Emil_96,,
@tom3f,,
@shinigamiAFK,,
@zcnaipowered7407,,
@vksmaster161,,
@AaronFigFruit,,
@flyer3455,,
@ashishsubedi5827,,
@sharabha1111,,
@rockstar6790,,
@WillMoon,,
@silentstar4205,,
@cyndimontanaro2902,,
@Dr01d1,,
@Skux720,,
@user-js6pe7bn7p,,
@victorutomo7244,,
@NuwanThisara,,
@REVIEWSONTHERUN,,
@boohman1431,,
@sicfxmusic,,
@AstreaGT,,
@Sayin42,,
@Juraj_H.,,
@anamolsingh17,,
@iangrant4756,,
@DeanStephen,,
@crazybug112,,
@landiepete,,
@johnny7731,,
@arjunreddynr,,
@mr.g-My_CA_Diary_,,
@Andesu,,
@thorthenorwegian7532,,
@user-sh7in9zs9s,,
@samuelmartinez4705,,
@Josh-179,,
@gamingpersonality4306,,
@lawrencev.athill7502,,
@thexchox1554,,
@REDIUS999,,
@ccyjoshua,,1 reply
@RedstoneinventeArmoredGuy,,
@TheReal_ist,,
@leandrogarcia5495,,
@vishnun9183,,
@eSKAone-,,
@AbeyantHero,,
@rosaria8384,,
@daveadams6421,,
@420clutcheryt7,,
@mthacks4297,,
@srijanraghavula,,
@kelvinkiumi,,
@brandonisburied,,
@knightsljx,,
@safayetahmed007,,
@7epha527,,
@minsin33,,
@badongoliver,,
@Nathan-im3eu,,
@karthee2459,,
@as-salamah8376,,
@syytv3992,,
@mkulchar,,
@stb3987,,
@BigBodyBobby,,
@touristerharshjarare4050,,
@mikey3672,,
@a_g_7537,,
@Alffycodet775,,
@iPhonenaire,,
@darkguardian1314,,
@CPhillips5481,,
@kwanpakshing,,
@intzarhussaingondal,,1 reply
@bhaskervm99,,
@pandaplayz2473,,
@gexi2gamer72,,
@MaiElizabeth,,
@lbvlogs306,,
@TechWorld-go1rr,,
@mshopsfivem2873,,
@dfx13...,,
@anojj1897,,
@Life-no3yz,,
@Himanshu_Upadhyay_,,
@overcraft1441,,
@ishfaq._,,
@randomadamam, Official Artist Channel,
@scalar42,,
@jamieferguson935,,
@MrGonzaYT,,
@AGinjaS,,
@jimneutron91,,
@derek_fung,,
@superheroverse3941,,
@hasprod,,
@MemeMaker17,,
@MorbidGod391,,
@hotwings9382,,
@KingLarbear,,
@hugo7947,,
@youtubemyles-roblox6157,,
@arnavnisal9179,,
@josuabadertscher4165,,
@manoharbs,,
@prinkleesharma76,,
@2751Jackson,,
@alfiejohnfelipetagura4614,,
@Philonic,,
@Jsameds,,
@JC_2300,,
@fishingg5906,,
@aaphYT,,
@chriselunewinterhold,,
@AIandJasper,,
@soundscape5650,,
@AtulKedia,,
@user-ue6zx2do2f,,
@yassine9429,,
@jacobramey288,,
@amirpour9423,,
@onetwentyfour,,
@jpb643,,
@betusethu,,
@babaei,,
@PizzaOnWheels,,
@abhinavrahul5118,,
@pratikjain1310,,
@Zeisslermusic,,
@Frostbite-pop,,
@szaborobert392,,
@loicstephan3719,,
@christopherpackart,,
@Memo12Delarge,,
@vibes4956,,
@sachinkoparde2052,,
@rajatsharma7671,,
@trunghuynh9758,,
@BennnWJK,,
@user-vo4tn9nq1v,,
@justinlui,,
@Cracky003,,
@kalinduR96,,
@doolallyproductions7234,,
@ossy43,,
@FCARTER,,
@GBMark90,,
@DanGamMan,,
@nealpan,,
@ThattFunnyKid,,
@osamaFXX,,
@AhmadAbdelAziz77,,
@hprasad,,
@thomson3093,,
@mcs3219,,
@cntrlaltdefeat,,
@theoonetimeline,,
@osvaldot2257,,
@gobimurugesan2411,,
@jigglymonkey4317,,
@VP-gj6yz,,
@JoseAngel01,,
@clockwork_.,,
@pramodg1106,,
@davidy22,,
@JBrinx18,,
@Kbyte27,,
@sfkim44,,
@vaibhavjain4317,,
@justsomeguy6474,,
@celumusavilane6966,,
@user-dj2gf3hr5p,,
@mrwhats6043,,
@davelospinoso9022,,
@ericastrue4527,,
@AdemOmerovicBA,,
@mrdipu9092,,
@mayankcircle,,
@jamiljokhyo,,
@pezzmania,,
@frankdigiovanni5697,,
@milans3747,,
@KonradsBlog,,
@sunnyt8323,,
@iamsaadullah91,,
@BruceWaynne69,,
@abdulalimmahir,,
@maryshipley6727,,
@NISHUGARVU,,
@swedishguy83,,
@vaisakhn104,,
@look_up,,
@sevrajsami,,
@HumbertoJunqueiradeAraujo,,
@chiliconcalmdown3557,,
@WhatToDoInOneDay,,
@valkriainewaynewang8259,,
@net-angel,,
@ethanpschwartz,,
@magickbaz8518,,
@sohanctg,,
@hsuchun-wei,,
@TheOrisya,,
@kuldeepkashyap909,,
@TechOutAdam,,
@Anguish88,,
@rakshpalboudh9010,,
@terayjames3675,,
@YasinHasan,,
@tarottravelandtea5485,,
@ecjaye,,
@sujitgupta9175,,
@randyberry2743,,
@beasty007,,
@matthewtorvik3466,,
@dan137dzue,,
@jamesgardner5194,,
@motley06,,
@aravindhm1068,,
@prajaktaXD,,
@ironwoodoverland,,
@senthilrangarajan3433,,
@Larph13,,
@NicoBott,,
@alansidak6533,,
@dainarts,,
@ekunnusitheophilus6587,,
@videomaniac108,,
@apex095,,
@ybbolb,,
@Chryeon,,1 reply
@kurtbamz,,
@bomolakeview78,,
@superheroverse3941,,
@wasiquewadood1404,,
@lacomie81,,
@wisanu99,,
@amitlimbu5025,,
@michaelso5593,,
@pendekarngadiman6259,,
@balthazarbulau4095,,
@Spooky_Psyche,,
@AnonymousVision,,
@leviuchiha9702,,
@edringweeko3419,,
@jakublizon6375,,
@asianstud7,,
@jeffs3119,,
@DG_ODESSEY,,
@meg6pat,,
@JamesWanYewKean,,
@mansoorsiddique,,
@iCrilleSwe,,
@sourovchandradey9750,,
@hisshorebalaji821,,
@chrismartinez-qe8wj,,
@mirzarizwanbaig9449,,
@MythicalDN,,
@MinnesotaMathew,,
@fakech,,
@J_S_246,,
@PZMKSD,,
@thatgerhard,,
@Beelineentertainment,,
@efenili,,1 reply
@bakerkawesa,,
@em0jr,,
@Freddy-wv1fu,,
@anuragpandey1298,,
@smokenot87,,
@LimitedWard,,
@pipzgutz,,
@TbigBlink,,
@awaist1,,
@blanchewkz,,
@wenbozhao4325,,
@porkchop8131,,
@shaileshbardawat8723,,
@-srgalleta-9181,,
@MilitaryRaiden,,
@wassim0.0,,
@adityaarvind3953,,
@i.am.mezbah,,
@SenerS10,,
@Grass_hopper_,,
@habokrch,,
@Banditxam4,,
@ponce8174,,
@yusufshaik,,
@tawneyf,,
@ibrahimkhalifa7677,,
@sheikayaz189,,
@Mr-Spork,,
@tomasinacovell4293,,
@MikeBaloga,,
@lingireddysivareddy,,
@thamaraikani680,,
@everythingwithanirudha,,
@_adam_4811,,
@heberramirez8800,,
@siddharth.246,,
@primacy351,,
@hdttyson,,
@josegallegos7061,,
@danieia4029,,
@artus198,,1 reply
@Spyder4409,,
@kevinroewer4160,,
@user-qs8ed4wk6n,,
@Thect,,
@user-vo4tn9nq1v,,
@TomCRitucci,,
@SlightlyOddFilms,,
@keithwilliams88,,
@normanlit9195,,
@snapjenk,,
@anassharaf1824,,
@bokbokeh,,
@shirtdirt1874,,
@luisriba8082,,
@byb12,,
@manosheal8336,,
@rohitgharde745,,
@m7floyd,,
@austin.t5557,,
@VOHQ,,
@subhankarbhattacharya2940,,
@alejandroavila4288,,
@digimon5036,,
@Charanjeet678,,
@bharatkumar3766,,
@sanketdoshi9974,,
@thepickicool97,,
@anjansutradhar,,
@user-lp4gm3zf4c,,
@niloy5362,,
@coldbrewcoffee794,,
@willielimsgful,,
@JohnDeLeon28,,
@MillionDollarsBut,,
@qlaney98,,
@DanielEhlmann,,
@harrismirza2731,,
@PG_GMER100,,
@user-ed5vc3zk7l,,
@djia45,,
@BrianMcDonald,,
@Ryomichi,,
@davezhu7651,,
@indrajeetbartakke3046,,
@perperikis5501,,
@2tfl236,,
@ClarenceThompkins,,
@sogeman,,
@SelvarajuManivannan06,,
@gauravnilay,,
@BennoLenno,,
@rasoulyousefi5409,,
@misfortune5091,,
@MrThebadger200,,
@helloarunp,,
@vedas_dixit,,
@fade294,,
@warrust,,
@immunepsycho,,
@tevinnhlavutelo844,,
@thecoreelementsmoto,,
@GlennLopez,,
@mambich,,
@dhartifact6294,,
@MorbidGod391,,
@advityarajsingh,,
@kumar29nov,,
@ravibabu8153,,
@jesuspuhwillreturn4866,,
@adityakrishna4137,,
@MinnesotaMathew,,
@zoebvora9564,,
@pedronapoles4914,,
@vdynmx,,
@user-jl9wn4pk7v,,
@TimClauson,,
@BraiCruzz,,
@gunnaprime7057,,
@Kessoku,,
@timothymumba99,,
@AKJ750,,
@alejandroavila4288,,
@sa.t.2507,,
@TheGuillotineKing,,
@maxschmidt666,,
@brianzjones,,
@feiticeirafatale561,,
@manojkumar.n,,
@meddymore,,
@yellowdrangon,,
@nevecbe1306,,
@tensa3163,,
@zacharybuhrts1994,,
@krishnavardhanmaamidi4683,,
@jwbkro,,
@Cine_tech_,,
@lancesbeataxes2901,,1 reply
@phoutharkone,,
@ExpertStoryteller,,
@friendlygoose,,
@KingLarbear,,
@higuys1124,,
@dnbcatalina6192,,
@ransfordraansford3489,,
@connorschue1007,,
@emman71,,
@Darr1071,,
@nakshatra1541,,
@kamyarkarimi,,
@KingLarbear,,
@nalaredneb78,,
@synergywolfie,,
@rahadilpp354,,
@Ha7mim,,
@aryannsharrma5297,,
@eklypse180,,
@Emansky84,,
@tunintunin3417,,
@cuz129,,
@izzatti7446,,
@HuMan-bEing132,,
@bassbassbasser,,
@akshaysrivastavaofficial,,
@larissagarratt1293,,
@AponTechy,,
@lukecoverdale3861,,
@360northmw3,,
@lorenzodigirolamo,,
@RobVespa,,
@stevenlowe5313,,
@young_jon_da_sauce_god,,
@ultramoistboi2569,,
@shams275,,
@TejasMaisuriya,,
@PROGAMERG11,,
@gouthamkm7510,,
@michaelayeni9782,,
@hoangtrunganh,,
@LBYINCHINA,,
@aljosacebokli,,
@ssuuy,,
@wttkwsk,,
@junaid1788,,
@smoothslide,,
@laseoguntade4858,,
@kafkamakma,,
@AndyRollinssnillor,,
@TechWithUnes,,
@manazpr,,
@user-lm2pm2pd6l,,
@science1943,,
@rafaeltorovip,,
@rejoicedube,,
@blgDemon,,
@93hothead,,
@iceprincenygel,,
@rickbhattacharya2334,,
@sadisticsinon,,
@benjaminaguilar34,,
@suyanty,,
@fahadalruwaili1743,,
@PeterKane379,,
@meong12321,,
@quittrn,,
@prozaic7069,,
@jayraider521614,,
@pressrepeat2000,,
@lijiang5600,,
@kbarnes0,,
@IndiaIICL,,
@syedfaisal5389,,
@mike_mike108,,
@Auretico,,
@Hellraiser14,,
@paulmorais476,,
@AngryEvonne,,
@androidterminal3924,,
@junaid1788,,
@DoUNoHarm,,
@sainiverse,,
@weonedivine4196,,
@Alanhallow,,
@vivekmishra6400,,
@atharvakulkarni2586,,
@dippididooda,,
@capmtr,,
@JC-kb5qu,,
@Jananga,,
@yohanlobo4767,,
@sudarshan3965,,
@muthukumarank7702,,
@AvinashHeral,,
@NathanShantz,,
@nikhilgatagat,,
@olebogengthothela1191,,
@acegear,,
@CROW_CREEK_SIOUX,,
@lobstershrimp,,
@RamizZaman,,
@jman2871,,
@positiveimpactbywords5619,,
@MrNANDSENSE,,
@dentalaffairs,,
@giteshdubal9024,,
@mehdimuradi2020,,
@sheikshahedjamil2495,,
@oualidtrabelsi5784,,
@kironnr,,
@syarizansulaiman6554,,
@CaptainCaspian4Evr,,
@ff11dream,,
@youtube_sucks_ass_nuggets,,
@mrkrisma,,
@MalachiNsX10,,
@hanve,,
@dntswetdatchnque,,1 reply
@YDBoss,,
@samcooley1983,,
@GagzD165,,
@nikhil_kohli,,
@mickyjamesalvin8578,,
@victorchris1135,,
@ashutoshlotake5956,,
@fastng,,
@ohnojoeyjoejoe,,
@christhedoc8689,,
@abhinavvamsiy,,
@MrPow86,,
@janes1138,,
@wisanu99,,
@purdysanchez,,1 reply
@KPsquared,,
@sanjaykumarbhambu4960,,
@oliverradcliffe7974,,
@V7StudioProduction,,
@patton72010,,
@FedJimSmith,,
@tylerpinder1,,
@mattwoolley,,
@darwinlaureles4840,,
@ashishpatil122,,
@icapturethehappiness,,
@supershawn30,,
@YEDIUM,,
@bhargavshobhana9276,,
@kevinm4769,,
@trell.,,
@deepindersingh, verified user,
@willfer6986,,
@user-mk5um8px1q,,
@kamathverse2555,,
@Jsameds,,
@teachonlywhatiseasy,,
@WalterWhite-bu2yr,,
@krisht1613,,
@meyerlandman8762,,
@TheFaustianMan,,
@d3vast8n,,
@Stefan-sc7xl,,
@ChristopherBonis,,
@colin_actually,,
@ovidiuvoaides6379,,
@bigstar8718,,
@jeremiahnwalor9760,,
@xDIPLOMAT718,,
@ACoustaDC,,
@anujchandkapoor,,
@andreas3858a,,
@krislukm,,
@iVijaykesav,,
@anikchowdhuryove9262,,
@hambaallah-mn1em,,
@chocomalk,,
@tomashroch6304,,
@jechutvify,,
@Thebearmre7,,
@breakinmadly624,,
@KacaPerlica,,
